{
  "mel_6": {
    "mean": 0.5576507590761327,
    "std": 0.8200032929209295
  },
  "mel_10": {
    "mean": 0.4084282045049715,
    "std": 0.10842045754000369
  },
  "mel_0": {
    "mean": 0.08930189627175081,
    "std": 0.021212401568912666
  },
  "rolloff": {
    "mean": 6503.90625,
    "std": 614.7474511626197
  },
  "mel_4": {
    "mean": 0.47972718640511497,
    "std": 0.6567620394803716
  },
  "zcr": {
    "mean": 0.16410315223038197,
    "std": 0.01965181309930276
  },
  "mel_8": {
    "mean": 0.5441913215523664,
    "std": 0.5435505998351048
  },
  "mel_2": {
    "mean": 0.23171756753526213,
    "std": 0.21431525342709382
  },
  "mel_1": {
    "mean": 0.13474874014801624,
    "std": 0.07957375997872929
  },
  "mel_12": {
    "mean": 0.527708435093291,
    "std": 0.10420082432946101
  },
  "mel_7": {
    "mean": 0.7019511290270182,
    "std": 0.9430105760881151
  },
  "mel_3": {
    "mean": 0.30949737166953883,
    "std": 0.27938557495026295
  },
  "mel_9": {
    "mean": 0.3979730597520381,
    "std": 0.21679243417355404
  },
  "peak_1": {
    "mean": 2820.3125,
    "std": 2440.8155535407113
  },
  "mel_13": {
    "mean": 0.7085307289241778,
    "std": 0.36464587287226724
  },
  "peak_2": {
    "mean": 4316.40625,
    "std": 2694.516979521504
  },
  "centroid": {
    "mean": 3670.951641471145,
    "std": 617.1473766150931
  },
  "peak_0": {
    "mean": 4169.921875,
    "std": 2639.774704769966
  },
  "mel_11": {
    "mean": 0.46082873204131963,
    "std": 0.12577579051547708
  },
  "duration": {
    "mean": 0.5859375,
    "std": 0.03478532096571052
  },
  "mel_14": {
    "mean": 0.846162266160471,
    "std": 0.523323694822571
  },
  "mel_5": {
    "mean": 0.4991154797758086,
    "std": 0.6100284302867249
  },
  "mel_15": {
    "mean": 0.8768967528752252,
    "std": 0.2570209629375342
  },
  "rms": {
    "mean": 0.15904205664992332,
    "std": 0.0071356153181204845
  },
  "threshold": 0.3
}