{
  "mel_7": {
    "mean": 0.2596054137002698,
    "std": 0.04301659298378438
  },
  "mel_12": {
    "mean": 0.4690378715125704,
    "std": 0.07632007453991949
  },
  "zcr": {
    "mean": 0.16919067800045012,
    "std": 0.010287042167318306
  },
  "mel_0": {
    "mean": 0.08986853496546818,
    "std": 0.018203622459454248
  },
  "centroid": {
    "mean": 3954.6546988716823,
    "std": 47.036356908371545
  },
  "rolloff": {
    "mean": 6818.75,
    "std": 82.73876434296079
  },
  "peak_0": {
    "mean": 2546.875,
    "std": 2160.627350302453
  },
  "mel_1": {
    "mean": 0.09848272519853021,
    "std": 0.021081990049766963
  },
  "mel_3": {
    "mean": 0.14018455985343112,
    "std": 0.025178435410864772
  },
  "mel_2": {
    "mean": 0.1252761100791321,
    "std": 0.018610964688850748
  },
  "mel_9": {
    "mean": 0.31427239457163314,
    "std": 0.06804067041366205
  },
  "peak_1": {
    "mean": 1326.5625,
    "std": 1551.452350067913
  },
  "mel_14": {
    "mean": 0.6559471808668567,
    "std": 0.10186610751189724
  },
  "mel_13": {
    "mean": 0.5575315159434002,
    "std": 0.0692642322250321
  },
  "mel_10": {
    "mean": 0.361406938075725,
    "std": 0.06151528715332182
  },
  "duration": {
    "mean": 0.60633125,
    "std": 0.03208964555058998
  },
  "mel_15": {
    "mean": 0.7693443252462611,
    "std": 0.1307536101807038
  },
  "rms": {
    "mean": 0.18025709688663483,
    "std": 0.012955678309467785
  },
  "mel_4": {
    "mean": 0.1453409391117869,
    "std": 0.026461611999382354
  },
  "mel_5": {
    "mean": 0.16392109911654765,
    "std": 0.031523803403418905
  },
  "peak_2": {
    "mean": 3048.4375,
    "std": 3327.541395427148
  },
  "mel_6": {
    "mean": 0.21207809173712766,
    "std": 0.0422680678631398
  },
  "mel_8": {
    "mean": 0.2818213471499695,
    "std": 0.05643029528910942
  },
  "mel_11": {
    "mean": 0.4097271536166205,
    "std": 0.06817626304509267
  },
  "threshold": 0.3
}