{
  "peak_energy": {
    "mean": 1.0,
    "std": 0.0,
    "min": 1.0,
    "max": 1.0
  },
  "peak_0_freq": {
    "mean": 4650.390625,
    "std": 1903.5415168565366,
    "min": 1406.25,
    "max": 6812.5
  },
  "mel_band_14": {
    "mean": 144.01534511580587,
    "std": 379.4624152341918,
    "min": 0.4294124297182322,
    "max": 1147.9784862579743
  },
  "mel_band_15": {
    "mean": 163.1206949831076,
    "std": 429.6915452918381,
    "min": 0.5792497677005735,
    "max": 1299.9776205827754
  },
  "mel_band_0": {
    "mean": 14.24557391193698,
    "std": 37.430534578764906,
    "min": 0.054979895879385766,
    "max": 113.27739377336712
  },
  "mel_band_9": {
    "mean": 63.55479786868089,
    "std": 167.43019004654406,
    "min": 0.18875179518298027,
    "max": 506.53341801411483
  },
  "peak_1_mag": {
    "mean": 3.0566446943305765,
    "std": 8.051546700671928,
    "min": 0.010134771179239296,
    "max": 24.35903325779245
  },
  "mel_band_7": {
    "mean": 45.51726577106116,
    "std": 119.78986664140317,
    "min": 0.18023425786194291,
    "max": 362.45143478469674
  },
  "mel_band_11": {
    "mean": 84.55221808909002,
    "std": 222.6940476261978,
    "min": 0.2655033369223399,
    "max": 673.7452492309234
  },
  "peak_1_freq": {
    "mean": 4378.90625,
    "std": 3067.0580517449353,
    "min": 125.0,
    "max": 8000.0
  },
  "mel_band_2": {
    "mean": 21.97745913130845,
    "std": 57.86254948354093,
    "min": 0.07531485220207568,
    "max": 175.06736141676762
  },
  "zcr": {
    "mean": 0.20390775799751282,
    "std": 0.015212981922038273,
    "min": 0.19030436873435974,
    "max": 0.2405707836151123
  },
  "energy_std": {
    "mean": 0.10758741619065404,
    "std": 0.11874093859767655,
    "min": 0.049785688519477844,
    "max": 0.4207315742969513
  },
  "peak_0_mag": {
    "mean": 2.905234175447609,
    "std": 7.652631256605227,
    "min": 0.010097015325613178,
    "max": 23.152191425294582
  },
  "spectral_centroid": {
    "mean": 3982.4127698696866,
    "std": 87.42110999677166,
    "min": 3830.9903576346087,
    "max": 4077.205179186024
  },
  "mel_band_6": {
    "mean": 41.81399477086718,
    "std": 110.10098418844163,
    "min": 0.14753541919314167,
    "max": 333.1137834417035
  },
  "spectral_flux": {
    "mean": 1456.2660958973247,
    "std": 3852.9062743967265,
    "min": 0.002351390416444408,
    "max": 11650.097922789926
  },
  "mel_band_4": {
    "mean": 27.083628433734972,
    "std": 71.29343879136779,
    "min": 0.10346026494427889,
    "max": 215.70832160398976
  },
  "mel_band_8": {
    "mean": 56.82926729657467,
    "std": 149.72142255916071,
    "min": 0.1964038709640181,
    "max": 452.9549112803063
  },
  "mel_band_5": {
    "mean": 37.77661431911323,
    "std": 99.54911135879556,
    "min": 0.09996365698422399,
    "max": 301.1587927431185
  },
  "mel_band_10": {
    "mean": 73.03386547922558,
    "std": 192.33719763437622,
    "min": 0.23752001972401632,
    "max": 581.9102211461195
  },
  "spectral_rolloff": {
    "mean": 6832.03125,
    "std": 108.18267518848616,
    "min": 6656.25,
    "max": 7000.0
  },
  "mel_band_13": {
    "mean": 116.12291486688788,
    "std": 305.85386837336983,
    "min": 0.3925077978219691,
    "max": 925.3361370104495
  },
  "mel_band_1": {
    "mean": 21.876962338007488,
    "std": 57.607919972832235,
    "min": 0.05327608068557597,
    "max": 174.29316388415234
  },
  "mel_band_3": {
    "mean": 21.34115071333768,
    "std": 56.13533488713241,
    "min": 0.08155482624235312,
    "max": 169.86127525757865
  },
  "peak_2_freq": {
    "mean": 3337.890625,
    "std": 2295.21274752396,
    "min": 109.375,
    "max": 6453.125
  },
  "peak_2_mag": {
    "mean": 3.0880018922180317,
    "std": 8.130860344578299,
    "min": 0.010277163244373602,
    "max": 24.600233672107187
  },
  "mel_band_12": {
    "mean": 96.87838509102482,
    "std": 255.13897377352282,
    "min": 0.31608062779083174,
    "max": 771.9126051981225
  },
  "rms_energy": {
    "mean": 0.16843594890087843,
    "std": 0.1180604685803879,
    "min": 0.10854733735322952,
    "max": 0.47941917181015015
  }
}