{
  "mel_0": {
    "mean": 0.0478384531547838,
    "std": 0.06199139771492351
  },
  "mel_11": {
    "mean": 0.08814236134323347,
    "std": 0.01073942749889599
  },
  "mel_2": {
    "mean": 0.04637344375682895,
    "std": 0.03352743243543988
  },
  "rms": {
    "mean": 0.13962026685476303,
    "std": 0.010192400978162455
  },
  "mel_6": {
    "mean": 0.04851596816596809,
    "std": 0.013682724986381315
  },
  "mel_14": {
    "mean": 0.1404540982190932,
    "std": 0.014104329676859729
  },
  "zcr": {
    "mean": 0.22621730342507362,
    "std": 0.010849997944427649
  },
  "mel_3": {
    "mean": 0.04576950556499893,
    "std": 0.023740450902313154
  },
  "mel_13": {
    "mean": 0.12328253864466403,
    "std": 0.009451355539962254
  },
  "mel_12": {
    "mean": 0.10181650819945451,
    "std": 0.01392209943429281
  },
  "mel_8": {
    "mean": 0.06313145176328946,
    "std": 0.011511225643139306
  },
  "mel_15": {
    "mean": 0.17492394852060597,
    "std": 0.019976657664402937
  },
  "mel_9": {
    "mean": 0.06564336209992883,
    "std": 0.012679238179094976
  },
  "mel_1": {
    "mean": 0.05437022886958875,
    "std": 0.0699109998489702
  },
  "peak_1": {
    "mean": 1242.1875,
    "std": 1553.5485778030084
  },
  "peak_0": {
    "mean": 2865.234375,
    "std": 2171.7757607160975
  },
  "mel_10": {
    "mean": 0.07985397628993518,
    "std": 0.009586800640442462
  },
  "centroid": {
    "mean": 3755.038495610259,
    "std": 450.8996054124325
  },
  "rolloff": {
    "mean": 6761.71875,
    "std": 245.5350801534019
  },
  "mel_4": {
    "mean": 0.037545870480608416,
    "std": 0.014237148087741573
  },
  "peak_2": {
    "mean": 1027.34375,
    "std": 1333.1190572857465
  },
  "mel_7": {
    "mean": 0.06041944349995894,
    "std": 0.011955788364321332
  },
  "mel_5": {
    "mean": 0.03945353967913795,
    "std": 0.016780599937256533
  },
  "duration": {
    "mean": 0.6491796875,
    "std": 0.025361072946468426
  },
  "threshold": 0.3
}