{
  "energy_std": {
    "mean": 0.05962379556149244,
    "std": 0.00512447975870047,
    "min": 0.050432391464710236,
    "max": 0.06645198166370392
  },
  "peak_2_freq": {
    "mean": 3250.0,
    "std": 3034.8118570699735,
    "min": 109.375,
    "max": 7046.875
  },
  "mel_band_4": {
    "mean": 0.11884520335779099,
    "std": 0.03878573545973714,
    "min": 0.053595198791430335,
    "max": 0.19070235499535781
  },
  "spectral_flux": {
    "mean": 0.0028919265052774748,
    "std": 0.0012086678456587167,
    "min": 0.0008154431900156733,
    "max": 0.004668702660826512
  },
  "spectral_rolloff": {
    "mean": 6796.875,
    "std": 62.98638865858242,
    "min": 6734.375,
    "max": 6937.5
  },
  "mel_band_11": {
    "mean": 0.32597495248273956,
    "std": 0.080679165147226,
    "min": 0.16349044277118355,
    "max": 0.419258119883533
  },
  "mel_band_7": {
    "mean": 0.20560200082912367,
    "std": 0.05473357592286548,
    "min": 0.09896042832802762,
    "max": 0.2681761556964273
  },
  "mel_band_8": {
    "mean": 0.2078521900468492,
    "std": 0.060469539738951736,
    "min": 0.10759994361078247,
    "max": 0.31757825543676343
  },
  "mel_band_9": {
    "mean": 0.24926476870863365,
    "std": 0.07335082564630394,
    "min": 0.1278335175084844,
    "max": 0.3684169092984068
  },
  "mel_band_14": {
    "mean": 0.4985612535455956,
    "std": 0.12144664342518792,
    "min": 0.27445909184839556,
    "max": 0.6511506373234389
  },
  "peak_2_mag": {
    "mean": 0.012291785289584758,
    "std": 0.0031543516457106977,
    "min": 0.006568826081955697,
    "max": 0.017310410915105
  },
  "mel_band_15": {
    "mean": 0.5942660919042411,
    "std": 0.1602065926323534,
    "min": 0.30985210881354885,
    "max": 0.8142653783071706
  },
  "peak_0_mag": {
    "mean": 0.010854362781898374,
    "std": 0.0027376853148561604,
    "min": 0.005619619539123965,
    "max": 0.014273238692560374
  },
  "peak_1_freq": {
    "mean": 2212.890625,
    "std": 2268.2761630165282,
    "min": 62.5,
    "max": 6750.0
  },
  "spectral_centroid": {
    "mean": 3920.2998259317083,
    "std": 64.41239090084618,
    "min": 3824.214056433547,
    "max": 4005.0450548913104
  },
  "mel_band_12": {
    "mean": 0.37195251149326214,
    "std": 0.0959095666343395,
    "min": 0.18328276676339605,
    "max": 0.49572288299041567
  },
  "mel_band_2": {
    "mean": 0.09518405527546403,
    "std": 0.021367152441202217,
    "min": 0.05740973085843321,
    "max": 0.11924488951387757
  },
  "mel_band_5": {
    "mean": 0.1317383695346945,
    "std": 0.033971120107509495,
    "min": 0.06702169872505756,
    "max": 0.18359654036874967
  },
  "peak_energy": {
    "mean": 1.0,
    "std": 0.0,
    "min": 1.0,
    "max": 1.0
  },
  "peak_0_freq": {
    "mean": 1222.65625,
    "std": 1395.7889986351581,
    "min": 78.125,
    "max": 4093.75
  },
  "mel_band_3": {
    "mean": 0.1084445614290492,
    "std": 0.03442521965437483,
    "min": 0.05072518656925519,
    "max": 0.16368940668390447
  },
  "mel_band_13": {
    "mean": 0.42367403067429554,
    "std": 0.10442941242294869,
    "min": 0.23413026950050358,
    "max": 0.5682526688206229
  },
  "mel_band_10": {
    "mean": 0.2962602189639559,
    "std": 0.07732829189748605,
    "min": 0.1549582878764574,
    "max": 0.3948742998542645
  },
  "mel_band_1": {
    "mean": 0.08569707901987478,
    "std": 0.026327144375295704,
    "min": 0.04784873363233281,
    "max": 0.12547142890459423
  },
  "mel_band_0": {
    "mean": 0.07661108228496366,
    "std": 0.027230429560415423,
    "min": 0.03145637555628352,
    "max": 0.11285741165759804
  },
  "zcr": {
    "mean": 0.19804426282644272,
    "std": 0.010573477474032467,
    "min": 0.1832948476076126,
    "max": 0.2184595912694931
  },
  "peak_1_mag": {
    "mean": 0.011638177508925695,
    "std": 0.0031183987834829527,
    "min": 0.005880452334947902,
    "max": 0.016644555498683967
  },
  "rms_energy": {
    "mean": 0.13030753005295992,
    "std": 0.009660438375246038,
    "min": 0.11913542449474335,
    "max": 0.15083232522010803
  },
  "mel_band_6": {
    "mean": 0.17216636567620436,
    "std": 0.04401276426253656,
    "min": 0.08789387110812823,
    "max": 0.21551803961579857
  }
}